Destination,Budget,Trip_Type,Preferred_Weather,Days,Season,Estimated_Cost_INR,Crowd_Level,Hotel_Price_Level,Best_Month
Manali,Low,Friends,Cold,5,Summer,27877,High,Budget,February
Kashmir,Low,Solo,Cold,5,Winter,29118,High,Budget,June
Andaman,Medium,Couple,Warm,6,Summer,48373,Low,Luxury,December
Ooty,Low,Friends,Cold,3,Monsoon,22769,Low,Standard,November
Goa,High,Solo,Moderate,3,Winter,75772,Medium,Luxury,November
Manali,Low,Family,Moderate,3,Summer,20728,Low,Standard,February
Ladakh,Low,Friends,Cold,6,Winter,23942,High,Luxury,August
Ooty,Medium,Family,Cold,9,Monsoon,61128,Medium,Luxury,December
Ladakh,High,Solo,Cold,2,Monsoon,67670,Medium,Standard,August
Ladakh,Low,Couple,Moderate,9,Summer,34488,Medium,Budget,August
Kerala,High,Couple,Warm,8,Monsoon,93338,Low,Budget,September
Goa,High,Family,Warm,4,Winter,71992,Medium,Luxury,December
Shimla,High,Friends,Warm,2,Winter,71983,High,Budget,May
Ladakh,Low,Couple,Cold,9,Summer,34602,High,Luxury,June
Andaman,High,Friends,Warm,10,Winter,91633,Low,Budget,January
Andaman,High,Friends,Moderate,2,Summer,67834,Medium,Standard,November
Shimla,High,Solo,Warm,9,Summer,82418,High,Budget,May
Ooty,Low,Couple,Cold,10,Winter,38028,High,Budget,December
Ladakh,Medium,Couple,Cold,5,Summer,39249,Low,Standard,August
Jaipur,Medium,Solo,Cold,2,Summer,33686,Low,Budget,February
Jaipur,Low,Couple,Cold,10,Summer,43350,High,Luxury,November
Kashmir,Low,Solo,Warm,8,Monsoon,35339,Medium,Standard,June
Manali,Low,Friends,Cold,5,Summer,26333,Low,Luxury,January
Ooty,Low,Family,Cold,9,Winter,40846,Low,Budget,October
Jaipur,Low,Couple,Moderate,5,Monsoon,23777,Low,Budget,November
Kerala,High,Couple,Moderate,8,Winter,89812,High,Luxury,September
Kerala,Low,Solo,Warm,10,Summer,24750,High,Standard,November
Mysore,Medium,Family,Cold,10,Summer,44706,Low,Budget,November
Manali,High,Family,Warm,2,Winter,72273,Low,Standard,January
Jaipur,Medium,Friends,Cold,6,Monsoon,46313,Low,Luxury,November
Manali,Low,Solo,Cold,10,Summer,30279,High,Standard,December
Jaipur,Medium,Family,Moderate,10,Winter,61724,Medium,Luxury,February
Andaman,Low,Solo,Cold,6,Summer,32069,Low,Luxury,December
Kerala,Medium,Friends,Cold,6,Winter,37204,Medium,Standard,November
Kashmir,High,Solo,Cold,7,Summer,79646,High,Standard,June
Kashmir,Medium,Solo,Cold,4,Winter,43065,Low,Standard,May
Ooty,Low,Friends,Cold,7,Summer,24244,High,Budget,December
Kashmir,High,Family,Cold,4,Summer,73457,Medium,Budget,May
Jaipur,Low,Solo,Moderate,2,Monsoon,19034,Low,Budget,November
Jaipur,Low,Family,Moderate,7,Monsoon,32639,Low,Standard,November
Andaman,Medium,Solo,Cold,6,Summer,37024,High,Standard,January
Kashmir,Medium,Friends,Moderate,10,Summer,49866,Medium,Luxury,April
Kashmir,Low,Family,Moderate,8,Summer,30900,High,Standard,June
Kerala,Medium,Couple,Moderate,8,Winter,43339,Medium,Luxury,October
Kashmir,Medium,Family,Warm,6,Monsoon,45014,High,Budget,April
Kashmir,High,Friends,Moderate,9,Monsoon,96513,High,Budget,June
Ooty,Medium,Friends,Warm,7,Summer,47137,Low,Luxury,October
Ooty,Low,Family,Moderate,3,Monsoon,19133,Medium,Luxury,November
Kashmir,Low,Solo,Cold,8,Summer,40373,Low,Luxury,April
Andaman,Low,Solo,Moderate,4,Monsoon,28833,High,Luxury,December
Mysore,Medium,Couple,Warm,9,Summer,57510,High,Standard,October
Kerala,High,Couple,Warm,5,Monsoon,76770,Medium,Budget,October
Ladakh,Medium,Solo,Cold,4,Summer,37052,Medium,Luxury,June
Kashmir,Medium,Couple,Moderate,2,Summer,35276,Medium,Standard,May
Mysore,Low,Friends,Moderate,8,Monsoon,42429,High,Luxury,October
Mysore,Low,Couple,Moderate,2,Monsoon,17064,Medium,Luxury,November
Ooty,High,Solo,Moderate,2,Summer,70292,High,Standard,October
Goa,Low,Friends,Cold,9,Monsoon,34504,Medium,Standard,December
Manali,Medium,Solo,Moderate,5,Winter,35074,Low,Luxury,December
Jaipur,High,Family,Cold,4,Monsoon,75177,High,Budget,February
Kerala,High,Family,Warm,3,Summer,69470,Medium,Budget,November
Kashmir,Medium,Family,Cold,5,Summer,41111,High,Standard,April
Ladakh,Medium,Friends,Cold,10,Winter,61215,Medium,Budget,June
Kashmir,High,Couple,Warm,4,Monsoon,78560,Low,Luxury,June
Andaman,High,Couple,Moderate,6,Monsoon,80744,Low,Budget,November
Mysore,Medium,Couple,Moderate,2,Monsoon,36131,Medium,Budget,November
Kerala,Medium,Friends,Warm,2,Winter,35705,Low,Budget,October
Andaman,High,Couple,Warm,9,Monsoon,86460,Low,Budget,December
Jaipur,Medium,Friends,Moderate,10,Winter,65249,Medium,Standard,November
Mysore,Low,Friends,Cold,3,Winter,19456,Low,Standard,December
Ooty,Low,Couple,Moderate,10,Winter,32376,Medium,Budget,October
Ladakh,Low,Solo,Warm,10,Summer,28763,Medium,Budget,July
Ooty,Medium,Couple,Cold,2,Winter,37928,Medium,Standard,November
Ooty,High,Friends,Moderate,3,Summer,72235,Medium,Standard,December
Goa,Low,Friends,Cold,5,Summer,24900,High,Standard,December
Mysore,High,Friends,Warm,8,Monsoon,79562,High,Luxury,December
Manali,High,Family,Warm,5,Monsoon,74179,High,Budget,December
Andaman,Low,Solo,Moderate,9,Winter,31795,High,Standard,November
Kerala,High,Couple,Cold,5,Monsoon,76532,High,Luxury,September
Andaman,Low,Family,Moderate,4,Summer,24710,Low,Budget,January
Shimla,High,Couple,Cold,9,Winter,90862,Medium,Luxury,May
Andaman,Medium,Solo,Warm,2,Monsoon,32661,High,Standard,November
Jaipur,High,Solo,Warm,6,Winter,86013,Low,Budget,February
Mysore,High,Family,Warm,8,Winter,90850,Medium,Budget,November
Ladakh,Medium,Solo,Cold,7,Monsoon,47940,High,Standard,August
Goa,Medium,Friends,Moderate,7,Summer,40872,Medium,Luxury,December
Kashmir,Low,Friends,Warm,9,Winter,30484,Medium,Budget,June
Ooty,High,Couple,Warm,9,Summer,83917,Low,Luxury,November
Andaman,Low,Couple,Cold,5,Summer,23232,Medium,Budget,January
Kerala,Medium,Friends,Moderate,9,Monsoon,60297,Low,Standard,October
Jaipur,High,Family,Cold,6,Monsoon,76785,Medium,Luxury,November
Kerala,High,Couple,Cold,9,Winter,90570,Medium,Standard,November
Kashmir,Medium,Friends,Cold,5,Winter,42767,Medium,Budget,May
Mysore,High,Couple,Moderate,4,Monsoon,80862,Low,Budget,November
Manali,High,Couple,Cold,10,Monsoon,84258,Low,Luxury,February
Ooty,Low,Friends,Moderate,8,Winter,40193,Low,Standard,November
Mysore,High,Solo,Warm,3,Summer,71994,High,Luxury,December
Manali,Medium,Solo,Warm,3,Monsoon,35515,Low,Luxury,December
Ladakh,High,Friends,Moderate,7,Monsoon,90000,Low,Budget,August
Ooty,Low,Solo,Warm,8,Winter,40681,High,Budget,October
Jaipur,Medium,Friends,Moderate,6,Winter,46745,Low,Standard,October
Manali,Medium,Friends,Warm,6,Winter,45086,Medium,Luxury,January
Jaipur,High,Couple,Cold,5,Monsoon,77473,High,Standard,October
Kashmir,Low,Solo,Warm,9,Monsoon,35581,Low,Luxury,June
Jaipur,Medium,Family,Warm,3,Winter,39006,High,Budget,October
Shimla,Medium,Family,Cold,6,Monsoon,41158,High,Standard,March
Andaman,High,Friends,Warm,10,Monsoon,97147,Low,Standard,January
Ladakh,High,Couple,Cold,4,Summer,78873,High,Luxury,July
Manali,High,Solo,Moderate,10,Summer,90518,Medium,Standard,January
Ladakh,Low,Family,Moderate,2,Winter,14729,High,Standard,August
Mysore,High,Friends,Warm,8,Summer,76309,Low,Budget,November
Manali,Low,Family,Moderate,9,Monsoon,44141,High,Luxury,February
Ooty,High,Solo,Moderate,8,Monsoon,86515,Low,Luxury,November
Mysore,High,Friends,Cold,7,Winter,76397,High,Standard,November
Jaipur,High,Couple,Cold,5,Winter,69849,High,Luxury,November
Jaipur,High,Family,Cold,10,Summer,87231,High,Budget,October
Shimla,Low,Family,Cold,10,Monsoon,24129,Low,Budget,March
Ladakh,High,Family,Warm,7,Summer,73936,Low,Standard,August
Kashmir,Medium,Solo,Moderate,9,Monsoon,46516,High,Luxury,June
Jaipur,High,Solo,Warm,10,Monsoon,76768,Medium,Luxury,November
Kashmir,Medium,Solo,Moderate,9,Summer,44801,Low,Standard,April
Kerala,Medium,Friends,Moderate,10,Monsoon,58432,Medium,Luxury,November
Manali,High,Family,Moderate,9,Summer,93779,Medium,Standard,January
Manali,Medium,Friends,Warm,6,Monsoon,47401,Low,Luxury,December
Manali,Low,Solo,Warm,7,Summer,39101,High,Budget,January
Manali,Medium,Couple,Warm,2,Monsoon,34128,High,Standard,February
Andaman,Low,Couple,Cold,3,Monsoon,17292,High,Standard,January
Jaipur,High,Solo,Warm,6,Summer,80573,Low,Standard,November
Goa,Low,Family,Warm,8,Summer,21351,Low,Luxury,January
Andaman,Low,Couple,Moderate,7,Summer,32345,Medium,Standard,January
Manali,High,Family,Cold,2,Winter,72501,Low,Standard,January
Shimla,Medium,Friends,Cold,10,Summer,46860,Medium,Standard,May
Shimla,Medium,Friends,Cold,5,Monsoon,35829,High,Budget,April
Jaipur,High,Friends,Moderate,7,Summer,85180,Low,Standard,October
Kashmir,Medium,Family,Warm,10,Winter,56606,Medium,Budget,May
Goa,Medium,Solo,Moderate,8,Winter,53651,Medium,Luxury,November
Kashmir,Low,Friends,Cold,9,Winter,37759,Medium,Budget,April
Kashmir,Medium,Solo,Moderate,6,Winter,44761,Medium,Budget,April
Andaman,Medium,Family,Moderate,7,Winter,44011,High,Budget,November
Kerala,Low,Family,Warm,3,Summer,23918,High,Standard,November
Mysore,Medium,Friends,Warm,7,Summer,53462,Medium,Budget,December
Kerala,High,Solo,Moderate,10,Summer,93818,Medium,Standard,September
Ladakh,High,Solo,Warm,3,Winter,75112,High,Luxury,August
Andaman,High,Solo,Moderate,5,Monsoon,80500,High,Standard,November
Mysore,Low,Friends,Warm,3,Winter,16109,High,Budget,December
Mysore,High,Family,Moderate,7,Monsoon,85992,Medium,Standard,October
Ladakh,Low,Solo,Warm,8,Monsoon,27250,Medium,Luxury,June
Shimla,Medium,Friends,Moderate,8,Summer,42912,High,Luxury,May
Kashmir,Medium,Friends,Cold,10,Summer,61505,High,Luxury,May
Goa,Medium,Family,Cold,7,Monsoon,41610,Low,Budget,November
Kerala,High,Solo,Warm,10,Winter,89863,High,Budget,November
Kashmir,Low,Family,Warm,4,Winter,24512,Medium,Budget,June
Jaipur,High,Friends,Warm,9,Summer,89045,High,Budget,October
Ladakh,Medium,Couple,Moderate,6,Monsoon,46811,High,Luxury,June
Shimla,Low,Friends,Cold,9,Monsoon,40838,High,Budget,April
Manali,High,Friends,Moderate,10,Summer,87785,Medium,Budget,January
Goa,Medium,Couple,Warm,7,Summer,48984,Medium,Budget,November
Ladakh,High,Friends,Cold,4,Summer,73914,Medium,Standard,July
Shimla,Low,Solo,Cold,6,Summer,33633,Low,Luxury,March
Kerala,Low,Solo,Cold,5,Monsoon,25874,High,Luxury,September
Mysore,Medium,Solo,Warm,10,Winter,48266,Low,Luxury,November
Goa,Medium,Family,Warm,8,Summer,44688,High,Luxury,December
Manali,High,Solo,Moderate,9,Summer,89638,High,Standard,February
Goa,Medium,Solo,Moderate,5,Winter,40886,High,Luxury,January
Ladakh,Low,Friends,Warm,7,Winter,35641,Low,Luxury,August
Ooty,High,Solo,Warm,9,Summer,77045,Medium,Budget,October
Ladakh,High,Couple,Warm,9,Monsoon,83181,Low,Luxury,July
Goa,High,Friends,Moderate,3,Monsoon,75170,Medium,Standard,December
Ooty,Medium,Couple,Moderate,10,Monsoon,58026,Low,Luxury,November
Shimla,High,Family,Warm,6,Monsoon,80679,Low,Budget,April
Mysore,Medium,Couple,Cold,9,Monsoon,55359,Medium,Budget,November
Goa,Low,Couple,Moderate,10,Winter,24439,High,Budget,January
Mysore,Low,Solo,Cold,7,Monsoon,24280,Medium,Luxury,October
Mysore,High,Friends,Moderate,3,Winter,74369,Low,Luxury,November
Kerala,Low,Solo,Cold,4,Monsoon,24964,High,Standard,October
Kerala,High,Family,Warm,6,Winter,74323,Medium,Budget,September
Mysore,Low,Couple,Cold,7,Winter,24760,Medium,Luxury,December
Kerala,High,Family,Warm,4,Monsoon,71434,High,Budget,September
Jaipur,High,Solo,Moderate,10,Winter,98653,Medium,Standard,February
Manali,Low,Couple,Warm,9,Winter,24544,Medium,Standard,January
Manali,Medium,Friends,Cold,10,Winter,48824,High,Budget,February
Goa,High,Family,Moderate,4,Summer,74326,Medium,Luxury,January
Kerala,High,Friends,Cold,10,Monsoon,91770,Low,Luxury,September
Andaman,Medium,Family,Cold,7,Winter,39096,Low,Budget,January
Shimla,Low,Family,Warm,8,Winter,40381,High,Budget,April
Kerala,Medium,Couple,Moderate,9,Summer,48224,High,Budget,October
Mysore,Medium,Friends,Warm,4,Monsoon,41722,High,Standard,October
Ladakh,Medium,Solo,Moderate,5,Monsoon,45235,Low,Standard,June
Manali,Low,Couple,Warm,8,Summer,31395,Low,Standard,December
Mysore,High,Couple,Moderate,6,Monsoon,84000,Low,Budget,November
Jaipur,Low,Friends,Cold,2,Monsoon,18594,Medium,Luxury,February
Goa,High,Couple,Cold,6,Winter,79558,Medium,Standard,December
Goa,Medium,Family,Moderate,10,Monsoon,64339,Low,Standard,January
Kerala,High,Solo,Cold,3,Monsoon,76447,Medium,Standard,September
Jaipur,Medium,Couple,Warm,2,Summer,37008,Low,Budget,February
Mysore,Low,Family,Moderate,7,Summer,31838,Medium,Luxury,November
Andaman,High,Couple,Warm,6,Monsoon,79233,Low,Standard,December
Shimla,Medium,Solo,Warm,9,Monsoon,47608,High,Luxury,May
Mysore,Low,Couple,Cold,5,Summer,19812,High,Luxury,October
Mysore,Medium,Family,Moderate,5,Monsoon,44165,High,Luxury,December
Ooty,Medium,Friends,Warm,9,Winter,48946,Medium,Standard,December
Ladakh,Medium,Friends,Warm,9,Summer,61810,Low,Standard,June
Kerala,High,Family,Warm,9,Monsoon,96695,Medium,Standard,October
Manali,Medium,Couple,Moderate,7,Summer,45293,Medium,Budget,January
Mysore,Medium,Couple,Cold,5,Winter,40684,Medium,Luxury,October
Shimla,High,Family,Cold,2,Winter,67736,High,Budget,March
Kashmir,Medium,Couple,Cold,4,Summer,43360,High,Budget,May
Jaipur,High,Friends,Moderate,6,Winter,80289,Low,Budget,February
Goa,High,Family,Moderate,4,Summer,73223,Medium,Standard,November
Goa,Low,Solo,Moderate,6,Monsoon,34128,High,Luxury,November
Andaman,Medium,Family,Cold,7,Summer,45296,High,Standard,November
Ladakh,High,Family,Cold,8,Monsoon,78723,High,Standard,August
Manali,Low,Family,Moderate,7,Summer,31326,Low,Standard,January
Kerala,High,Friends,Warm,2,Monsoon,67842,High,Standard,November
Manali,Medium,Family,Moderate,10,Winter,47216,Medium,Luxury,January
Shimla,Low,Family,Moderate,4,Monsoon,24326,High,Luxury,May
Andaman,High,Family,Cold,3,Winter,71682,Medium,Luxury,January
Manali,Low,Family,Warm,10,Summer,46929,Low,Standard,December
Jaipur,High,Couple,Cold,10,Monsoon,84604,Low,Standard,November
Mysore,Medium,Couple,Warm,6,Winter,41476,Low,Standard,December
Jaipur,Medium,Solo,Moderate,7,Winter,38687,Low,Luxury,November
Goa,Low,Family,Cold,8,Monsoon,35045,Medium,Standard,November
Andaman,Low,Friends,Cold,4,Winter,18708,Medium,Luxury,November
Goa,High,Couple,Warm,10,Monsoon,86427,High,Standard,December
Ladakh,Low,Family,Warm,3,Summer,15763,High,Standard,June
Manali,Low,Solo,Moderate,2,Summer,19289,High,Budget,December
Andaman,Low,Solo,Cold,10,Monsoon,39790,Low,Luxury,January
Ladakh,Low,Family,Warm,10,Summer,33769,Medium,Standard,August
Shimla,High,Family,Warm,8,Winter,87002,Medium,Budget,May
Ladakh,Medium,Couple,Cold,6,Monsoon,48808,Low,Luxury,June
Kerala,High,Family,Moderate,2,Winter,74305,Medium,Standard,September
Kashmir,Low,Family,Moderate,3,Monsoon,21739,Medium,Budget,April
Kerala,Medium,Solo,Cold,5,Winter,47222,High,Luxury,October
Jaipur,High,Friends,Moderate,2,Summer,70283,Low,Luxury,October
Shimla,High,Couple,Cold,10,Monsoon,98461,Medium,Standard,May
Ladakh,Medium,Friends,Warm,9,Monsoon,58730,Low,Luxury,June
Ladakh,Medium,Solo,Warm,5,Winter,43872,Low,Budget,August
Shimla,High,Friends,Cold,5,Monsoon,78120,Low,Standard,May
Ladakh,Low,Couple,Warm,9,Monsoon,35164,Low,Luxury,June
Andaman,Medium,Solo,Warm,2,Summer,33830,High,Budget,November
Jaipur,Low,Family,Cold,5,Winter,21193,Medium,Standard,February
Mysore,Low,Couple,Cold,2,Winter,19136,High,Standard,October
Andaman,High,Couple,Cold,3,Summer,71133,High,Budget,January
Andaman,Low,Friends,Moderate,8,Summer,39268,Medium,Standard,November
Jaipur,Low,Solo,Warm,2,Summer,20015,Medium,Standard,November
Goa,Medium,Family,Cold,9,Monsoon,46636,High,Standard,November
Jaipur,Low,Couple,Moderate,2,Summer,21464,High,Standard,February
Goa,Low,Friends,Cold,5,Winter,24785,Low,Luxury,December
Ooty,Medium,Couple,Warm,10,Monsoon,46372,Medium,Luxury,December
Ladakh,Low,Couple,Cold,3,Monsoon,21145,High,Luxury,June
Kerala,High,Couple,Moderate,5,Monsoon,79361,High,Standard,November
Shimla,Medium,Solo,Warm,6,Summer,39411,High,Budget,March
Kashmir,High,Family,Warm,8,Monsoon,75634,Medium,Budget,May
Mysore,Medium,Friends,Cold,4,Summer,44714,Low,Standard,December
Andaman,Medium,Solo,Cold,7,Winter,48851,Low,Luxury,November
Kerala,Medium,Solo,Warm,10,Summer,50058,High,Luxury,September
Ooty,Low,Friends,Moderate,4,Summer,22769,Low,Standard,November
Mysore,High,Friends,Moderate,5,Winter,76750,High,Standard,October
Ooty,Medium,Couple,Moderate,8,Monsoon,56573,Medium,Standard,October
Kerala,Medium,Family,Moderate,7,Summer,48773,Medium,Standard,November
Jaipur,Medium,Friends,Moderate,7,Summer,53511,High,Budget,February
Andaman,Low,Couple,Warm,5,Monsoon,20766,Medium,Luxury,January
Mysore,Low,Friends,Cold,6,Winter,30686,Low,Luxury,October
Mysore,High,Couple,Warm,8,Winter,90757,High,Luxury,October
Ladakh,High,Solo,Cold,5,Winter,72767,High,Standard,August
Kashmir,High,Friends,Moderate,3,Summer,73510,Low,Standard,June
Andaman,Medium,Family,Moderate,7,Monsoon,51977,Medium,Luxury,December
Goa,Medium,Friends,Moderate,3,Summer,38433,High,Budget,December
Mysore,High,Couple,Moderate,9,Summer,93089,Medium,Luxury,October
Kerala,Low,Solo,Cold,7,Winter,25109,Low,Luxury,November
Ooty,Medium,Friends,Warm,8,Monsoon,45166,Low,Standard,December
Kashmir,Medium,Family,Moderate,8,Monsoon,46317,Low,Luxury,May
Manali,Medium,Family,Moderate,7,Summer,47927,Medium,Budget,February
Ladakh,Medium,Couple,Warm,3,Monsoon,36154,Medium,Standard,August
Shimla,Low,Family,Moderate,3,Summer,18905,Medium,Budget,May
Ooty,Medium,Couple,Warm,4,Winter,39826,Medium,Standard,December
Andaman,Medium,Family,Warm,4,Monsoon,38441,Medium,Budget,December
Shimla,Low,Friends,Cold,9,Summer,45640,Low,Standard,May
Mysore,Medium,Couple,Moderate,9,Monsoon,41740,Low,Budget,November
Goa,Low,Friends,Cold,9,Winter,45243,High,Standard,November
Shimla,Low,Friends,Warm,2,Winter,17672,Medium,Luxury,March
Jaipur,Low,Solo,Moderate,6,Monsoon,22021,Low,Standard,October
Shimla,Medium,Couple,Cold,4,Summer,42904,Low,Budget,April
Shimla,Medium,Friends,Warm,6,Monsoon,48622,High,Standard,March
Kashmir,High,Friends,Warm,4,Winter,72834,Low,Budget,April
Kashmir,Medium,Friends,Warm,8,Monsoon,43948,Medium,Budget,June
Kerala,Medium,Friends,Moderate,9,Monsoon,45984,High,Budget,November
Ladakh,High,Couple,Cold,8,Summer,85499,Medium,Standard,July
Andaman,Medium,Couple,Moderate,2,Summer,34297,Low,Luxury,November
Ooty,Medium,Solo,Moderate,5,Winter,41482,Low,Luxury,November
Manali,Medium,Friends,Cold,7,Winter,41130,High,Budget,February
Kerala,High,Family,Moderate,3,Winter,73128,Low,Budget,September
Ooty,Medium,Couple,Cold,2,Winter,34940,Medium,Budget,November
Manali,Low,Solo,Warm,3,Summer,18398,Medium,Standard,January
Ooty,Medium,Family,Cold,10,Winter,50325,Low,Luxury,November
Jaipur,Medium,Family,Moderate,9,Summer,44965,Low,Budget,February
Kashmir,Medium,Couple,Moderate,4,Summer,36212,Medium,Luxury,June
Shimla,Medium,Friends,Warm,2,Winter,39611,Medium,Budget,May
Jaipur,High,Friends,Warm,2,Summer,68296,Medium,Standard,November
Shimla,Low,Solo,Moderate,7,Summer,33454,Medium,Luxury,May
Ooty,High,Solo,Cold,3,Summer,67584,Medium,Budget,November
Andaman,Low,Couple,Moderate,8,Summer,38466,High,Luxury,December
Manali,Medium,Family,Cold,10,Monsoon,45240,Medium,Luxury,February
Kashmir,High,Family,Cold,5,Summer,83272,Medium,Budget,April
Kerala,Medium,Family,Cold,2,Winter,31834,Low,Luxury,October
Ladakh,Medium,Friends,Cold,7,Summer,40021,High,Standard,July
Kashmir,Low,Solo,Moderate,3,Monsoon,18479,Medium,Luxury,May
Shimla,Low,Family,Moderate,3,Winter,16887,High,Luxury,May
Andaman,Low,Solo,Cold,2,Monsoon,15094,Medium,Standard,November
Andaman,High,Couple,Cold,7,Summer,82792,Medium,Luxury,November
Shimla,Medium,Solo,Cold,5,Winter,39220,Low,Standard,April
Kerala,Medium,Couple,Cold,7,Summer,47095,Medium,Luxury,October
Ladakh,Medium,Couple,Cold,10,Summer,56985,Low,Budget,June
Andaman,Medium,Solo,Moderate,2,Winter,33769,Medium,Luxury,November
Andaman,High,Couple,Moderate,2,Summer,66521,High,Standard,November
Andaman,Medium,Friends,Moderate,3,Winter,36468,Low,Luxury,November
Shimla,Medium,Couple,Warm,4,Summer,41179,Medium,Standard,May
Ladakh,Medium,Friends,Cold,3,Summer,34211,Low,Luxury,June
Ooty,Medium,Friends,Moderate,3,Winter,39678,Medium,Budget,November
Kerala,High,Solo,Cold,6,Winter,72951,High,Luxury,October
Ooty,Low,Family,Moderate,8,Winter,31523,Low,Luxury,October
Goa,High,Couple,Warm,10,Summer,80315,Low,Standard,November
Goa,Low,Family,Cold,5,Monsoon,22490,Medium,Luxury,January
Kerala,High,Solo,Cold,3,Summer,68934,High,Standard,October
Manali,Low,Couple,Cold,4,Winter,25332,Medium,Luxury,December
Kashmir,Medium,Family,Moderate,5,Summer,44347,Medium,Standard,April
Shimla,Medium,Family,Warm,6,Monsoon,47471,Medium,Luxury,March
Kerala,Medium,Couple,Cold,10,Summer,43923,High,Luxury,November
Ladakh,Medium,Couple,Moderate,10,Monsoon,47573,Medium,Standard,July
Shimla,Low,Friends,Cold,9,Winter,30684,Medium,Luxury,March
Jaipur,Medium,Friends,Warm,2,Summer,34729,High,Standard,October
Jaipur,Medium,Friends,Warm,2,Winter,36176,High,Standard,October
Mysore,Medium,Family,Moderate,2,Summer,32355,Low,Budget,December
Mysore,Low,Family,Cold,7,Winter,20280,Low,Standard,October
Shimla,High,Family,Cold,10,Monsoon,96000,Low,Standard,March
Ladakh,Medium,Family,Cold,8,Winter,49419,Medium,Luxury,August
Andaman,Medium,Friends,Cold,4,Monsoon,38667,Medium,Luxury,November
Goa,High,Couple,Warm,2,Summer,71840,High,Standard,November
Mysore,Low,Solo,Cold,7,Monsoon,23691,Low,Luxury,November
Goa,Low,Family,Warm,3,Monsoon,14009,Medium,Budget,December
Mysore,High,Family,Moderate,9,Monsoon,88463,Medium,Luxury,November
Shimla,Medium,Family,Cold,9,Summer,42148,Low,Standard,April
Manali,Low,Family,Moderate,4,Winter,19092,Low,Luxury,February
Shimla,High,Solo,Moderate,4,Winter,69505,Medium,Budget,April
Jaipur,High,Couple,Warm,10,Winter,88166,High,Luxury,November
Jaipur,Low,Couple,Warm,10,Monsoon,36801,Low,Budget,November
Manali,Low,Couple,Cold,3,Summer,17856,Low,Budget,January
Manali,Medium,Couple,Moderate,9,Winter,62026,Medium,Budget,December
Ladakh,High,Friends,Cold,9,Summer,93093,Medium,Standard,June
Kerala,Medium,Family,Warm,3,Summer,41642,High,Standard,November
Jaipur,Medium,Couple,Warm,8,Winter,49221,High,Standard,November
Manali,Medium,Solo,Warm,10,Winter,47015,High,Luxury,January
Ooty,High,Family,Cold,5,Summer,74166,Low,Standard,October
Ooty,High,Friends,Moderate,3,Summer,76003,Medium,Luxury,November
Kerala,Medium,Solo,Warm,10,Monsoon,47334,Low,Standard,November
Shimla,Medium,Solo,Cold,3,Monsoon,38812,High,Standard,April
Mysore,Medium,Couple,Cold,4,Monsoon,39697,Medium,Budget,November
Ladakh,Medium,Solo,Warm,9,Monsoon,53729,Medium,Budget,July
Kerala,High,Solo,Cold,4,Monsoon,75263,High,Standard,November
Kashmir,Medium,Solo,Cold,9,Summer,60887,Medium,Luxury,May
Goa,Medium,Family,Cold,6,Winter,42824,High,Standard,January
Goa,Low,Family,Cold,5,Summer,25011,Medium,Budget,December
Ladakh,High,Couple,Warm,3,Winter,75179,Low,Budget,August
Mysore,Low,Couple,Warm,10,Monsoon,33330,Medium,Budget,November
Goa,Medium,Family,Warm,5,Summer,40434,High,Budget,January
Kashmir,Medium,Solo,Moderate,4,Winter,34769,Low,Luxury,May
Shimla,High,Friends,Warm,6,Monsoon,83544,Medium,Standard,March
Mysore,Medium,Couple,Warm,3,Summer,40795,High,Luxury,December
Shimla,Medium,Friends,Warm,3,Monsoon,37659,Low,Standard,April
Kerala,Medium,Friends,Cold,4,Winter,42038,Low,Budget,November
Ooty,High,Couple,Moderate,6,Monsoon,75840,Medium,Standard,December
Shimla,High,Friends,Warm,5,Winter,81676,High,Luxury,May
Kerala,High,Family,Moderate,3,Monsoon,74356,Low,Luxury,September
Ladakh,Medium,Family,Moderate,5,Winter,43829,Medium,Standard,July
Shimla,Low,Solo,Moderate,2,Winter,16850,High,Luxury,March
Andaman,Low,Couple,Warm,6,Monsoon,22212,Low,Budget,December
Kashmir,High,Couple,Cold,7,Winter,88103,Low,Budget,June
Ooty,Medium,Solo,Cold,9,Monsoon,48642,Low,Budget,October
Ooty,Medium,Couple,Moderate,8,Monsoon,43204,Medium,Budget,October
Ladakh,High,Friends,Warm,5,Summer,75948,High,Budget,August
Ladakh,Medium,Solo,Moderate,10,Winter,43044,Medium,Budget,July
Kerala,Medium,Friends,Moderate,4,Monsoon,37234,Medium,Standard,October
Goa,Low,Family,Cold,2,Winter,16411,High,Budget,January
Goa,Medium,Friends,Warm,2,Winter,31445,Low,Luxury,November
Manali,Medium,Couple,Cold,10,Monsoon,47953,Medium,Luxury,February
Goa,Medium,Solo,Warm,10,Monsoon,49041,High,Luxury,November
Andaman,High,Solo,Moderate,3,Summer,71208,Medium,Budget,January
Jaipur,Medium,Couple,Moderate,4,Summer,40137,High,Standard,November
Jaipur,Low,Solo,Cold,9,Summer,24392,Low,Luxury,November
Jaipur,Medium,Friends,Moderate,9,Summer,42629,Low,Budget,November
Ladakh,Medium,Solo,Cold,2,Summer,34488,Low,Luxury,July
Mysore,High,Friends,Warm,3,Monsoon,71281,Medium,Budget,November
Mysore,Low,Couple,Warm,9,Monsoon,26052,High,Budget,December
Goa,High,Family,Cold,8,Winter,88436,Medium,Luxury,January
Kashmir,High,Solo,Warm,4,Monsoon,78146,Medium,Budget,April
Manali,Low,Friends,Cold,10,Winter,33941,High,Luxury,February
Andaman,Medium,Solo,Moderate,5,Monsoon,43097,Medium,Luxury,January
Shimla,Low,Family,Warm,9,Monsoon,41543,Low,Budget,March
Ladakh,High,Solo,Warm,5,Winter,79180,High,Standard,June
Mysore,Medium,Couple,Cold,9,Monsoon,57278,Medium,Budget,October
Kashmir,Medium,Solo,Cold,6,Winter,49200,High,Budget,May
Goa,High,Couple,Moderate,10,Winter,93587,High,Standard,November
Manali,High,Family,Cold,7,Monsoon,91377,High,Standard,January
Manali,Low,Family,Moderate,4,Winter,22380,High,Luxury,January
Shimla,Low,Solo,Moderate,5,Monsoon,23802,Low,Luxury,April
Goa,High,Solo,Moderate,9,Winter,82845,High,Luxury,November
Andaman,High,Couple,Warm,9,Winter,81250,Low,Luxury,November
Kashmir,Medium,Friends,Warm,8,Monsoon,47969,High,Luxury,May
Ladakh,High,Couple,Cold,4,Monsoon,78640,High,Luxury,August
Andaman,High,Family,Cold,5,Winter,77156,High,Standard,January
Ooty,Medium,Friends,Warm,3,Monsoon,41100,High,Standard,November
Kashmir,High,Solo,Cold,8,Summer,76085,Low,Luxury,May
Ooty,High,Friends,Cold,2,Winter,70096,Medium,Budget,November
Mysore,Low,Family,Warm,10,Monsoon,34164,Low,Luxury,November
Kashmir,Medium,Friends,Warm,2,Summer,35691,High,Standard,April
Ladakh,High,Family,Warm,5,Monsoon,72056,Medium,Budget,June
Andaman,Low,Solo,Moderate,6,Winter,25938,Medium,Budget,December
Goa,Medium,Family,Cold,4,Monsoon,41750,High,Budget,January
Andaman,Medium,Friends,Warm,5,Summer,45650,High,Budget,December
Andaman,Medium,Solo,Moderate,5,Summer,43735,High,Standard,December
Jaipur,High,Couple,Warm,2,Summer,71018,High,Standard,February
Shimla,High,Family,Cold,7,Monsoon,83175,Low,Standard,May
Kerala,Low,Friends,Warm,10,Monsoon,35717,Medium,Budget,October
Andaman,Low,Solo,Cold,10,Winter,26406,Low,Luxury,January
Jaipur,High,Couple,Cold,5,Winter,78500,High,Luxury,February
Ooty,Low,Friends,Cold,3,Summer,21264,Low,Budget,October
Shimla,High,Friends,Moderate,8,Monsoon,89375,High,Standard,March
Kashmir,Medium,Solo,Warm,3,Winter,35421,High,Budget,June
Manali,Low,Friends,Warm,3,Monsoon,18706,Medium,Standard,January
Ooty,Medium,Family,Warm,8,Winter,44761,Medium,Luxury,December
Ladakh,High,Solo,Warm,10,Summer,79891,Low,Budget,August
Kashmir,Medium,Solo,Moderate,5,Winter,42774,High,Luxury,May
Andaman,Low,Family,Cold,6,Summer,23028,Low,Budget,December
Andaman,Low,Solo,Moderate,3,Summer,22295,High,Luxury,December
Ooty,Medium,Family,Cold,6,Winter,46986,Low,Budget,November
Ladakh,Medium,Friends,Warm,4,Winter,41488,High,Standard,June
Goa,Medium,Family,Warm,8,Monsoon,52395,Medium,Budget,December
Mysore,Medium,Friends,Moderate,10,Summer,45648,Low,Luxury,October
Andaman,Low,Solo,Warm,3,Summer,18747,High,Luxury,January
Kashmir,High,Family,Cold,10,Monsoon,95547,High,Luxury,May
Kashmir,Low,Friends,Cold,9,Winter,38405,High,Budget,June
Goa,Medium,Family,Warm,4,Monsoon,39152,Low,Budget,December
Goa,Low,Couple,Cold,3,Monsoon,15818,Medium,Budget,January
Ladakh,Medium,Couple,Cold,2,Winter,36910,Medium,Budget,August
Kerala,Medium,Family,Moderate,8,Monsoon,44376,High,Luxury,October
Kashmir,High,Family,Warm,8,Monsoon,93341,Medium,Standard,April
Andaman,High,Couple,Cold,5,Summer,76482,High,Luxury,November
Ooty,Low,Solo,Warm,5,Monsoon,22264,Medium,Luxury,December
Mysore,Medium,Family,Warm,8,Summer,46482,Low,Budget,December
Ooty,Low,Solo,Warm,4,Summer,21980,Low,Standard,November
Shimla,High,Solo,Warm,6,Summer,85725,Low,Standard,March
Jaipur,High,Family,Warm,4,Winter,73505,High,Luxury,February
Ladakh,High,Solo,Cold,8,Monsoon,74793,Low,Budget,August
Andaman,Medium,Family,Warm,3,Summer,36430,Medium,Luxury,January
Manali,Low,Family,Warm,10,Summer,43946,High,Luxury,January
Ladakh,High,Couple,Cold,9,Monsoon,80885,Medium,Luxury,June
Kerala,Medium,Family,Cold,6,Winter,43078,High,Standard,September
Goa,Medium,Solo,Warm,2,Monsoon,36335,High,Budget,December
Manali,Low,Friends,Moderate,10,Monsoon,36535,High,Standard,December
Kashmir,Medium,Couple,Cold,7,Winter,46185,High,Standard,June
Ladakh,High,Couple,Warm,4,Winter,75222,Low,Luxury,August
Ooty,Low,Couple,Moderate,10,Winter,25446,High,Luxury,November
Goa,High,Family,Moderate,8,Summer,82901,Low,Standard,November
Shimla,Low,Couple,Moderate,10,Monsoon,25785,High,Luxury,May
Mysore,Medium,Family,Warm,10,Monsoon,65135,Low,Budget,December
Jaipur,Medium,Solo,Moderate,5,Winter,38035,Low,Budget,November
Ladakh,Medium,Couple,Warm,5,Winter,36143,Low,Luxury,August
Kerala,High,Friends,Moderate,6,Summer,84681,High,Budget,November
Goa,Low,Couple,Warm,3,Winter,20000,Low,Luxury,November
Andaman,High,Friends,Warm,9,Monsoon,85546,High,Standard,December
Mysore,High,Solo,Moderate,3,Monsoon,71189,Low,Standard,November
Kashmir,High,Solo,Warm,6,Summer,82805,Medium,Budget,April
Andaman,High,Couple,Moderate,7,Summer,78193,High,Standard,December
Jaipur,Low,Family,Moderate,5,Summer,24567,Low,Budget,October
Manali,High,Couple,Warm,2,Winter,71023,Low,Standard,January
Shimla,High,Couple,Cold,10,Monsoon,80693,Medium,Budget,May
Kashmir,Medium,Solo,Warm,7,Monsoon,50490,High,Budget,June
Andaman,Medium,Solo,Cold,5,Monsoon,43622,High,Budget,January
Kerala,Low,Friends,Cold,6,Monsoon,27694,High,Standard,October
Kashmir,Low,Friends,Moderate,8,Monsoon,28613,Medium,Budget,June
Jaipur,High,Friends,Cold,10,Monsoon,82195,Medium,Budget,November
Goa,Low,Couple,Cold,10,Winter,44387,High,Standard,December
Andaman,High,Solo,Moderate,3,Winter,71329,Low,Budget,December
Manali,Medium,Friends,Moderate,7,Monsoon,46604,High,Luxury,December
Kashmir,Low,Family,Warm,10,Summer,39491,Medium,Standard,May
Mysore,High,Couple,Warm,6,Monsoon,77079,High,Budget,November
Shimla,Medium,Solo,Cold,4,Monsoon,40374,Low,Standard,May
Kerala,Medium,Couple,Moderate,9,Monsoon,61685,High,Luxury,October
Ooty,Low,Solo,Cold,5,Winter,19360,Medium,Luxury,October
Kashmir,Low,Solo,Moderate,10,Summer,44141,Low,Standard,April
Kerala,Medium,Solo,Warm,8,Monsoon,50534,Low,Budget,November
Ooty,Low,Family,Cold,2,Winter,20127,Medium,Standard,December
Kerala,Medium,Family,Warm,10,Summer,63320,High,Luxury,October
Andaman,Medium,Friends,Moderate,9,Winter,57603,Low,Budget,December
Kashmir,Low,Friends,Cold,2,Winter,18591,Low,Standard,June
Goa,Medium,Couple,Moderate,6,Summer,40941,Medium,Standard,January
Ladakh,Low,Couple,Moderate,5,Summer,27079,High,Luxury,June
Kerala,Low,Family,Warm,6,Monsoon,32470,High,Luxury,October
Jaipur,High,Family,Cold,6,Summer,83553,High,Standard,February
Shimla,Medium,Friends,Cold,4,Summer,36681,High,Budget,April
Kerala,Low,Couple,Warm,2,Summer,16563,Low,Budget,September
Ladakh,Medium,Couple,Moderate,9,Winter,42948,Low,Standard,June
Kerala,High,Solo,Warm,9,Summer,87961,Low,Standard,September
Jaipur,Medium,Couple,Cold,2,Summer,35437,Medium,Luxury,February
Jaipur,Medium,Friends,Moderate,4,Winter,46071,High,Budget,October
Kerala,Medium,Friends,Cold,7,Summer,41567,High,Budget,November
Kashmir,Medium,Family,Moderate,3,Monsoon,36876,Low,Budget,June
Mysore,Medium,Family,Moderate,3,Summer,35494,Low,Standard,December
Goa,Low,Family,Warm,10,Summer,34124,Low,Standard,January
Ladakh,High,Couple,Warm,5,Summer,77438,High,Standard,July
Goa,Medium,Couple,Warm,6,Winter,44504,High,Standard,November
Andaman,Medium,Couple,Moderate,10,Summer,50021,Low,Luxury,December
Kerala,Medium,Couple,Cold,10,Monsoon,43742,High,Budget,November
Jaipur,Medium,Solo,Warm,10,Monsoon,64887,Low,Luxury,October
Shimla,Low,Couple,Warm,7,Summer,20669,Low,Luxury,March
Ooty,High,Family,Cold,9,Summer,92132,Low,Budget,December
Shimla,High,Friends,Cold,7,Summer,73537,High,Luxury,March
Mysore,High,Solo,Moderate,2,Monsoon,71829,High,Luxury,December
Goa,High,Friends,Warm,2,Winter,67806,Low,Standard,January
Manali,Low,Family,Warm,8,Summer,32413,Low,Luxury,February
Ooty,Medium,Couple,Warm,3,Winter,40732,High,Standard,October
Ooty,High,Couple,Warm,7,Winter,86984,Low,Luxury,November
Andaman,High,Friends,Moderate,8,Winter,88176,Medium,Luxury,November
Shimla,Medium,Couple,Warm,6,Monsoon,44957,Medium,Standard,May
Goa,High,Solo,Warm,4,Monsoon,73191,Low,Standard,December
Goa,High,Friends,Warm,10,Winter,82102,High,Luxury,November
Mysore,Medium,Family,Moderate,7,Winter,46203,Low,Budget,October
Shimla,Medium,Family,Warm,3,Winter,37723,Medium,Standard,May
Shimla,High,Solo,Warm,6,Summer,80214,High,Luxury,March
Ladakh,Medium,Couple,Moderate,3,Summer,34871,High,Luxury,June
Kerala,Medium,Friends,Warm,4,Monsoon,37670,High,Luxury,September
Kashmir,High,Solo,Cold,8,Monsoon,79681,Medium,Budget,April
Mysore,Medium,Solo,Warm,8,Monsoon,57599,Low,Standard,December
Ooty,High,Couple,Warm,5,Monsoon,77612,Medium,Luxury,December
Andaman,Low,Solo,Moderate,8,Monsoon,23449,High,Luxury,January
Kashmir,Medium,Friends,Cold,7,Monsoon,39590,High,Luxury,April
Ladakh,Medium,Couple,Warm,4,Monsoon,39130,Low,Budget,June
Manali,Low,Solo,Cold,4,Monsoon,19119,Low,Standard,January
Mysore,Low,Family,Warm,10,Summer,45548,Low,Luxury,December
Mysore,Medium,Family,Warm,2,Monsoon,35070,High,Luxury,November
Ooty,Low,Family,Warm,6,Summer,17949,Medium,Luxury,November
Kerala,Medium,Friends,Cold,2,Monsoon,35410,High,Standard,November
Manali,High,Couple,Warm,10,Summer,99251,Low,Budget,February
Goa,Low,Friends,Moderate,9,Monsoon,24315,High,Budget,January
Ladakh,Medium,Friends,Cold,10,Monsoon,53721,Low,Luxury,June
Andaman,High,Family,Cold,7,Monsoon,77044,High,Budget,January
Shimla,High,Family,Moderate,5,Winter,80354,Low,Standard,April
Mysore,Medium,Family,Warm,4,Winter,37243,High,Luxury,November
Andaman,High,Couple,Cold,4,Monsoon,77501,Low,Luxury,November
Ladakh,High,Family,Warm,2,Monsoon,71513,Medium,Standard,August
Kerala,Low,Family,Cold,4,Summer,24133,Low,Luxury,November
Shimla,Low,Family,Cold,2,Monsoon,17402,Low,Luxury,May
Shimla,Medium,Friends,Cold,8,Monsoon,44543,Medium,Budget,March
Goa,Medium,Solo,Moderate,8,Summer,45915,High,Luxury,November
Ooty,High,Couple,Warm,9,Winter,86392,Medium,Standard,November
Goa,Medium,Couple,Warm,7,Monsoon,56074,High,Luxury,January
Goa,Medium,Couple,Moderate,2,Summer,33961,High,Luxury,January
Kashmir,Medium,Solo,Cold,6,Monsoon,46005,Medium,Standard,April
Kashmir,Low,Solo,Warm,10,Summer,41240,Medium,Luxury,June
Andaman,Low,Family,Moderate,8,Monsoon,29172,Medium,Budget,January
Jaipur,High,Solo,Moderate,7,Winter,77109,High,Luxury,October
Manali,High,Friends,Cold,10,Winter,97259,Medium,Luxury,January
Andaman,Medium,Family,Moderate,4,Summer,37077,Low,Budget,December
Kerala,High,Couple,Moderate,4,Summer,69929,Low,Budget,September
Mysore,Medium,Couple,Warm,2,Winter,36999,Medium,Budget,December
Mysore,Medium,Couple,Cold,2,Summer,36666,High,Standard,October
Ooty,Low,Friends,Cold,4,Summer,22400,High,Luxury,October
Goa,Low,Family,Cold,6,Winter,25286,High,Luxury,January
Shimla,Medium,Solo,Cold,6,Monsoon,40362,Medium,Standard,May
Manali,Low,Family,Cold,6,Monsoon,31807,High,Standard,February
Jaipur,Medium,Solo,Warm,10,Summer,55258,Medium,Luxury,February
Ladakh,Low,Friends,Cold,9,Winter,43176,High,Luxury,June
Shimla,Low,Friends,Cold,2,Summer,15064,Low,Standard,May
Kashmir,Medium,Friends,Moderate,10,Winter,50547,Low,Budget,May
Manali,Medium,Friends,Cold,3,Winter,41126,Medium,Standard,February
Goa,High,Family,Moderate,7,Winter,73527,Medium,Standard,December
Ooty,Medium,Friends,Moderate,8,Winter,52036,Low,Luxury,December
Ladakh,Medium,Solo,Cold,7,Monsoon,44691,Low,Budget,July
Kashmir,Medium,Family,Warm,8,Summer,50272,High,Budget,June
Goa,Low,Solo,Moderate,5,Monsoon,24726,Medium,Standard,December
Ooty,Low,Solo,Cold,3,Monsoon,23624,High,Budget,October
Jaipur,Medium,Couple,Warm,10,Monsoon,48248,Medium,Budget,February
Ooty,Low,Solo,Moderate,8,Winter,22275,High,Budget,October
Shimla,High,Friends,Moderate,2,Summer,68142,High,Luxury,May
Kerala,Medium,Family,Moderate,5,Summer,47514,Medium,Standard,October
Manali,Low,Family,Moderate,3,Summer,20753,High,Luxury,December
Andaman,Medium,Friends,Moderate,4,Winter,38211,Medium,Luxury,November
Kerala,Medium,Friends,Warm,9,Summer,56565,Low,Budget,September
Kashmir,Low,Couple,Moderate,4,Winter,25017,High,Luxury,May
Ladakh,High,Solo,Moderate,4,Summer,73124,High,Standard,July
Mysore,Medium,Family,Cold,6,Monsoon,45978,Medium,Budget,November
Mysore,Low,Couple,Cold,7,Monsoon,29347,Medium,Budget,December
Shimla,Low,Solo,Moderate,3,Monsoon,16944,High,Luxury,May
Mysore,Medium,Couple,Cold,5,Winter,42401,Low,Standard,November
Jaipur,High,Couple,Moderate,7,Winter,76994,High,Budget,February
Shimla,High,Solo,Warm,9,Monsoon,91650,High,Budget,April
Kashmir,Low,Solo,Warm,8,Monsoon,22349,Medium,Luxury,April
Ooty,High,Solo,Cold,4,Monsoon,78922,High,Standard,November
Jaipur,Low,Friends,Moderate,6,Monsoon,24163,High,Standard,October
Shimla,High,Couple,Cold,6,Summer,71508,Medium,Luxury,May
Andaman,High,Friends,Cold,6,Summer,82490,Low,Standard,January
Kashmir,Medium,Couple,Warm,5,Winter,38386,Low,Standard,June
Kashmir,High,Friends,Moderate,4,Monsoon,70095,High,Budget,April
Goa,Low,Couple,Warm,8,Summer,36959,Low,Budget,January
Shimla,High,Family,Moderate,10,Monsoon,93660,High,Standard,March
Ooty,Medium,Solo,Warm,9,Winter,59500,Low,Luxury,November
Andaman,Medium,Solo,Cold,9,Winter,57203,Medium,Budget,November
Andaman,High,Friends,Moderate,10,Summer,80628,High,Luxury,December
Manali,Medium,Friends,Warm,2,Monsoon,37959,High,Budget,February
Mysore,Medium,Friends,Moderate,7,Monsoon,42303,Medium,Budget,December
Kerala,High,Friends,Cold,9,Winter,78089,Low,Luxury,November
Shimla,Low,Couple,Cold,4,Winter,20013,Low,Standard,May
Kerala,Low,Friends,Cold,3,Winter,19115,Low,Luxury,October
Ooty,Low,Family,Moderate,4,Winter,17368,Low,Standard,December
Ooty,High,Couple,Moderate,5,Winter,74152,Medium,Luxury,December
Ladakh,Low,Friends,Cold,2,Summer,18768,Medium,Standard,July
Andaman,Low,Couple,Moderate,6,Summer,19853,High,Standard,December
Kashmir,Medium,Solo,Cold,10,Winter,53904,Medium,Standard,May
Kerala,High,Friends,Warm,8,Monsoon,85342,High,Luxury,September
Andaman,Medium,Family,Moderate,10,Summer,42877,High,Budget,December
Manali,Medium,Couple,Moderate,5,Winter,38228,Medium,Standard,December
Shimla,Low,Family,Warm,3,Winter,18275,Low,Budget,May
Shimla,High,Family,Cold,4,Monsoon,72754,Medium,Standard,April
Kashmir,Medium,Friends,Moderate,4,Summer,42251,Medium,Budget,May
Goa,Low,Friends,Cold,9,Summer,36733,Medium,Budget,January
Mysore,Low,Couple,Cold,3,Monsoon,15154,High,Standard,October
Manali,Medium,Friends,Moderate,2,Monsoon,30715,Low,Luxury,February
Kashmir,Low,Friends,Moderate,2,Winter,19888,High,Standard,May
Manali,Medium,Solo,Moderate,9,Summer,54761,High,Luxury,February
Kerala,Medium,Solo,Moderate,10,Monsoon,53533,Low,Standard,September
Andaman,Low,Couple,Warm,5,Monsoon,21128,High,Standard,December
Manali,High,Couple,Warm,5,Summer,74372,Low,Budget,December
Mysore,Medium,Friends,Moderate,10,Monsoon,54349,Low,Budget,November
Goa,Medium,Family,Warm,10,Monsoon,50846,High,Luxury,November
Manali,Low,Family,Moderate,2,Monsoon,15457,High,Budget,December
Ooty,Medium,Friends,Cold,9,Winter,42020,Low,Luxury,October
Mysore,Medium,Family,Cold,5,Monsoon,44886,Medium,Luxury,October
Shimla,Medium,Friends,Cold,2,Winter,31905,Low,Standard,April
Ooty,High,Family,Warm,7,Winter,83146,Low,Standard,October
Ooty,Low,Couple,Cold,2,Monsoon,13927,Low,Budget,October
Shimla,High,Couple,Warm,9,Winter,81293,Low,Budget,May
Mysore,Medium,Family,Warm,2,Winter,35215,Low,Luxury,December
Kerala,Medium,Solo,Warm,5,Summer,38919,Low,Luxury,November
Andaman,Low,Family,Moderate,2,Summer,20361,Low,Budget,November
Ooty,Medium,Solo,Cold,7,Monsoon,46341,Low,Standard,December
Mysore,Low,Solo,Warm,4,Summer,24186,Low,Standard,October
Jaipur,High,Friends,Moderate,5,Winter,74612,High,Standard,November
Jaipur,Low,Couple,Cold,8,Summer,35917,Low,Standard,November
Ooty,Low,Couple,Cold,8,Monsoon,28897,Low,Standard,November
Jaipur,Medium,Solo,Warm,2,Monsoon,37968,Low,Budget,November
Ooty,High,Family,Moderate,4,Winter,78737,High,Budget,October
Kashmir,High,Couple,Cold,9,Monsoon,91597,Medium,Budget,April
Ladakh,Medium,Family,Warm,4,Winter,33852,Low,Standard,July
Andaman,Low,Couple,Moderate,3,Monsoon,19195,Medium,Budget,November
Kashmir,High,Family,Moderate,6,Summer,74520,High,Budget,June
Kerala,Low,Couple,Warm,2,Monsoon,17235,Medium,Budget,October
Mysore,High,Solo,Warm,3,Monsoon,73389,High,Standard,November
Kashmir,High,Family,Warm,3,Winter,71488,Medium,Luxury,June
Ladakh,High,Solo,Moderate,7,Monsoon,84880,High,Budget,June
Andaman,High,Family,Cold,7,Summer,89865,High,Budget,January
Jaipur,High,Family,Moderate,7,Monsoon,85794,High,Luxury,October
Manali,Medium,Couple,Moderate,10,Winter,66145,Low,Standard,January
Mysore,Medium,Solo,Cold,9,Summer,47750,Low,Standard,October
Manali,Low,Solo,Warm,4,Monsoon,23513,Low,Budget,January
Kashmir,High,Family,Moderate,7,Monsoon,74397,Medium,Luxury,April
Manali,Low,Family,Warm,7,Monsoon,31734,High,Standard,February
Andaman,High,Couple,Moderate,6,Winter,76547,Low,Standard,November
Mysore,Medium,Friends,Cold,4,Monsoon,36841,Medium,Standard,December
Andaman,Low,Family,Warm,4,Summer,18065,Low,Budget,January
Ooty,Medium,Friends,Cold,5,Winter,43306,High,Budget,October
Ladakh,Medium,Family,Warm,6,Summer,48660,Low,Standard,July
Ladakh,Low,Friends,Warm,6,Monsoon,25442,Medium,Luxury,August
Mysore,Medium,Solo,Warm,9,Summer,60061,Low,Luxury,November
Goa,Medium,Family,Moderate,7,Summer,46772,Medium,Budget,January
Jaipur,High,Friends,Cold,2,Summer,70306,High,Standard,November
Jaipur,Medium,Solo,Warm,7,Monsoon,51685,Low,Luxury,November
Ladakh,Low,Friends,Moderate,6,Monsoon,26137,High,Budget,August
Kashmir,High,Friends,Cold,8,Winter,76592,Medium,Budget,April
Kerala,Medium,Friends,Cold,8,Summer,49947,Low,Standard,September
Andaman,Medium,Family,Cold,4,Monsoon,41181,Medium,Luxury,December
Shimla,Medium,Couple,Cold,2,Summer,36729,Low,Standard,March
Kerala,Medium,Couple,Warm,5,Summer,44641,Low,Standard,November
Ladakh,Medium,Couple,Moderate,9,Winter,62403,Low,Standard,June
Kerala,Low,Solo,Cold,7,Monsoon,29978,High,Budget,September
Kerala,Medium,Friends,Cold,6,Monsoon,41293,High,Luxury,September
Ooty,High,Family,Warm,7,Monsoon,82146,High,Standard,October
Andaman,Medium,Family,Cold,4,Winter,44119,Medium,Standard,December
Ooty,Low,Family,Warm,5,Summer,31123,High,Luxury,December
Andaman,High,Solo,Moderate,9,Summer,78367,Low,Budget,December
Kerala,Medium,Family,Moderate,10,Monsoon,52705,Low,Luxury,November
Manali,Low,Family,Warm,5,Monsoon,19308,Low,Budget,January
Manali,Low,Couple,Moderate,2,Summer,21465,Low,Budget,December
Mysore,Low,Friends,Cold,3,Monsoon,15799,High,Budget,December
Jaipur,Medium,Family,Cold,7,Summer,49101,Low,Budget,November
Ladakh,Low,Family,Warm,3,Summer,21875,High,Budget,August
Jaipur,High,Family,Warm,2,Winter,73418,Low,Budget,November
Shimla,Low,Solo,Cold,7,Monsoon,35006,Medium,Budget,April
Manali,High,Friends,Cold,9,Summer,95029,High,Budget,February
Kerala,Medium,Solo,Cold,7,Monsoon,48270,Low,Standard,November
Kerala,Medium,Couple,Cold,10,Monsoon,48300,Medium,Standard,October
Ladakh,Low,Couple,Warm,3,Monsoon,15620,Medium,Luxury,June
Kashmir,Medium,Solo,Warm,4,Summer,39988,Medium,Budget,June
Kashmir,Low,Couple,Warm,9,Monsoon,34140,High,Luxury,May
Mysore,Medium,Couple,Moderate,10,Monsoon,45420,Low,Standard,November
Mysore,Medium,Family,Cold,3,Winter,37939,Low,Budget,October
Kashmir,Medium,Friends,Cold,6,Winter,41337,High,Budget,May
Mysore,Low,Couple,Moderate,10,Monsoon,48617,High,Standard,October
Goa,High,Solo,Moderate,9,Monsoon,91032,Medium,Standard,November
Ooty,Medium,Friends,Warm,4,Monsoon,41103,Medium,Budget,November
Manali,Medium,Couple,Warm,10,Winter,63138,High,Luxury,February
Ooty,Medium,Couple,Moderate,9,Winter,54126,Medium,Luxury,November
Goa,Low,Solo,Cold,7,Monsoon,21965,High,Luxury,December
Manali,Medium,Friends,Moderate,7,Summer,45420,High,Budget,February
Kerala,Medium,Solo,Moderate,3,Monsoon,40886,Low,Budget,September
Mysore,Medium,Couple,Warm,10,Monsoon,64046,Medium,Budget,October
Ladakh,Medium,Couple,Moderate,3,Monsoon,36881,Low,Luxury,July
Andaman,High,Friends,Cold,6,Monsoon,83027,Medium,Budget,January
Jaipur,Low,Solo,Moderate,8,Summer,27344,High,Luxury,October
Shimla,Medium,Solo,Warm,10,Monsoon,54848,Medium,Budget,May
Kerala,Medium,Friends,Moderate,10,Monsoon,58528,Low,Standard,November
Andaman,Medium,Family,Cold,10,Summer,52548,High,Standard,December
Andaman,High,Couple,Warm,2,Winter,70398,Low,Standard,November
Ooty,High,Friends,Moderate,8,Monsoon,82642,Low,Luxury,November
Kerala,Medium,Friends,Warm,5,Monsoon,38642,Low,Budget,September
Jaipur,High,Friends,Moderate,9,Winter,76813,Medium,Standard,October
Kerala,Low,Friends,Moderate,10,Summer,42063,High,Budget,September
Manali,Medium,Friends,Cold,8,Monsoon,43803,High,Luxury,February
Ooty,Low,Solo,Warm,10,Monsoon,36663,Medium,Budget,October
Ladakh,Medium,Couple,Warm,5,Monsoon,37619,Low,Budget,June
Kerala,Medium,Friends,Warm,2,Monsoon,33916,High,Standard,November
Kashmir,Medium,Family,Moderate,4,Monsoon,41348,Medium,Luxury,April
Shimla,Low,Solo,Warm,5,Monsoon,25302,High,Standard,May
Manali,Medium,Family,Moderate,8,Summer,48195,Medium,Standard,December
Kerala,Low,Family,Moderate,7,Winter,26910,Medium,Budget,October
Mysore,High,Friends,Warm,8,Summer,85291,Low,Luxury,October
Ladakh,Medium,Friends,Moderate,2,Summer,35536,High,Luxury,August
Ooty,Low,Family,Warm,6,Monsoon,21210,High,Budget,October
Andaman,High,Family,Warm,8,Monsoon,79103,Medium,Standard,November
Shimla,High,Friends,Cold,3,Monsoon,74524,Medium,Budget,May
Jaipur,Low,Solo,Warm,5,Summer,22742,Medium,Budget,October
Kashmir,Medium,Friends,Cold,3,Monsoon,33155,Low,Luxury,June
Andaman,Medium,Couple,Warm,9,Summer,47848,Low,Luxury,December
Kerala,High,Couple,Cold,8,Summer,83423,High,Budget,October
Ooty,Medium,Family,Cold,6,Monsoon,48316,Low,Luxury,November
Shimla,Medium,Couple,Cold,2,Monsoon,35394,Low,Standard,May
Kashmir,High,Friends,Cold,3,Winter,72612,Low,Budget,May
Ladakh,High,Solo,Cold,6,Winter,80867,High,Standard,August
Ladakh,Low,Solo,Warm,4,Monsoon,25650,Low,Luxury,July
Ooty,Low,Couple,Cold,6,Summer,24427,Medium,Budget,November
Ladakh,High,Friends,Moderate,6,Winter,76834,Medium,Standard,August
Mysore,High,Family,Warm,9,Summer,77690,Low,Budget,October
Goa,Medium,Family,Warm,9,Monsoon,43919,Low,Standard,December
Andaman,Medium,Couple,Cold,4,Summer,38463,Medium,Budget,November
Ooty,High,Friends,Warm,5,Winter,76106,Low,Luxury,October
Jaipur,High,Solo,Moderate,2,Monsoon,69627,High,Luxury,November
Shimla,High,Solo,Moderate,4,Summer,79379,Low,Standard,May
Kerala,Medium,Solo,Moderate,2,Winter,37722,High,Standard,September
Jaipur,High,Friends,Moderate,2,Winter,69282,Low,Luxury,November
Kerala,Low,Couple,Cold,2,Summer,18030,Low,Standard,November
Ooty,Low,Couple,Moderate,6,Winter,26807,High,Budget,November
Andaman,Low,Couple,Moderate,9,Monsoon,37127,High,Luxury,December
Ladakh,Medium,Couple,Warm,8,Summer,52589,Low,Luxury,August
Jaipur,Medium,Family,Moderate,10,Winter,45811,High,Luxury,November
Kashmir,Low,Couple,Moderate,4,Summer,23157,High,Standard,May
Kerala,Medium,Solo,Cold,10,Summer,57684,High,Standard,October
Shimla,High,Friends,Moderate,3,Winter,73755,Low,Budget,March
Kashmir,Low,Couple,Warm,6,Monsoon,32063,High,Luxury,June
Kerala,Medium,Family,Cold,4,Summer,37919,High,Luxury,October
Andaman,Low,Couple,Cold,2,Summer,19486,High,Standard,January
Shimla,High,Friends,Warm,7,Winter,85198,High,Luxury,March
Ooty,Low,Family,Cold,2,Winter,18055,Low,Budget,December
Ooty,Medium,Couple,Warm,10,Summer,60193,Low,Standard,November
Kashmir,Low,Family,Cold,9,Monsoon,42163,Medium,Budget,April
Jaipur,Low,Couple,Cold,7,Summer,34181,Low,Luxury,November
Shimla,Medium,Friends,Cold,9,Monsoon,58681,Medium,Luxury,May
Goa,Medium,Couple,Warm,7,Winter,52233,Low,Standard,November
Mysore,Medium,Friends,Moderate,8,Summer,47740,Low,Standard,November
Mysore,Low,Family,Warm,7,Winter,32900,High,Luxury,November
Kashmir,High,Friends,Moderate,4,Winter,73167,Low,Standard,April
Ooty,Low,Couple,Cold,8,Monsoon,31017,Medium,Budget,October
Goa,Medium,Friends,Moderate,4,Summer,36606,High,Budget,December
Manali,Medium,Solo,Warm,5,Monsoon,41657,Medium,Standard,February
Kerala,High,Solo,Warm,2,Monsoon,71260,Medium,Budget,September
Andaman,Low,Solo,Cold,3,Summer,20804,Medium,Budget,January
Mysore,High,Solo,Cold,7,Monsoon,80779,Low,Budget,November
Goa,Low,Couple,Moderate,6,Winter,26784,Low,Budget,January
Kashmir,Medium,Family,Cold,10,Monsoon,60946,Low,Budget,May
Mysore,High,Friends,Cold,9,Summer,93441,Low,Luxury,October
Ladakh,Medium,Family,Moderate,2,Monsoon,36342,Low,Luxury,June
Andaman,High,Couple,Moderate,10,Monsoon,90659,High,Luxury,November
Kerala,High,Family,Warm,8,Monsoon,94054,High,Budget,November
Ladakh,High,Couple,Cold,6,Summer,81614,Low,Luxury,August
Ooty,Medium,Friends,Cold,3,Winter,40796,High,Standard,December
Ooty,Low,Friends,Cold,6,Winter,20403,Medium,Luxury,November
Kerala,Medium,Friends,Cold,2,Winter,37529,Low,Standard,November
Goa,Medium,Family,Warm,10,Winter,54580,Low,Standard,January
Shimla,Medium,Couple,Warm,5,Summer,40899,Medium,Luxury,April
Manali,Low,Couple,Moderate,3,Summer,19097,Low,Standard,December
Mysore,Low,Couple,Warm,10,Winter,45898,Medium,Standard,November
Mysore,High,Couple,Cold,4,Winter,76355,Low,Standard,December
Andaman,High,Solo,Warm,5,Monsoon,76789,Medium,Budget,December
Manali,Medium,Couple,Cold,3,Monsoon,36374,High,Standard,December
Manali,Medium,Friends,Moderate,6,Monsoon,43522,Low,Budget,January
Goa,High,Friends,Moderate,5,Summer,70042,High,Standard,January
Ladakh,Low,Solo,Moderate,9,Winter,40235,Medium,Luxury,July
Mysore,High,Family,Cold,10,Winter,94610,Medium,Standard,December
Ladakh,Low,Couple,Moderate,5,Monsoon,20564,Medium,Luxury,August
Kerala,Medium,Family,Warm,2,Winter,37526,High,Luxury,November
Manali,Medium,Solo,Cold,10,Winter,62921,Low,Luxury,January
Andaman,High,Solo,Warm,10,Summer,85429,Low,Standard,January
Shimla,Medium,Friends,Moderate,2,Monsoon,35458,Low,Standard,April
Goa,High,Friends,Moderate,6,Summer,84891,Low,Budget,December
Ooty,Low,Solo,Cold,6,Monsoon,21310,High,Budget,October
Goa,High,Friends,Moderate,3,Monsoon,72693,Low,Standard,December
Manali,Low,Family,Warm,5,Monsoon,24827,High,Luxury,January
Goa,Medium,Couple,Cold,9,Summer,47565,Medium,Luxury,December
Andaman,High,Solo,Cold,10,Winter,95313,Low,Standard,November
Andaman,Low,Family,Moderate,10,Summer,43897,Low,Luxury,December
Goa,Low,Couple,Warm,6,Winter,22626,Low,Budget,December
Shimla,Low,Couple,Moderate,5,Winter,18252,High,Standard,May
Andaman,Medium,Friends,Cold,8,Winter,58121,Low,Budget,December
Jaipur,Medium,Friends,Warm,7,Winter,51614,Medium,Luxury,October
Ladakh,Medium,Couple,Warm,7,Summer,41443,High,Budget,July
Goa,High,Family,Moderate,10,Winter,95488,High,Standard,November
Manali,Medium,Couple,Warm,3,Monsoon,39166,Medium,Luxury,December
Goa,Low,Friends,Cold,9,Summer,23832,Low,Luxury,January
Ladakh,Low,Friends,Warm,5,Summer,19049,Medium,Standard,July
Shimla,Low,Family,Warm,8,Summer,40038,Medium,Luxury,March
Andaman,Low,Family,Cold,4,Winter,23720,Low,Budget,November
Andaman,High,Friends,Cold,2,Winter,72058,High,Luxury,December
Goa,High,Solo,Moderate,8,Monsoon,93398,Medium,Budget,December
Ladakh,Medium,Solo,Warm,5,Summer,48577,Medium,Standard,July
Goa,Medium,Friends,Cold,2,Winter,34479,Low,Luxury,November
Jaipur,Low,Friends,Cold,3,Summer,18748,Medium,Standard,February
Ladakh,High,Family,Cold,9,Summer,90351,Medium,Budget,June
Manali,High,Couple,Cold,9,Winter,76305,Low,Budget,January
Ladakh,High,Solo,Cold,2,Monsoon,69474,Low,Standard,June
Goa,Medium,Friends,Moderate,8,Summer,50143,High,Standard,January
Shimla,Low,Couple,Moderate,8,Winter,30940,High,Budget,April
Andaman,Medium,Family,Cold,3,Summer,37284,High,Luxury,November
Shimla,Low,Friends,Moderate,8,Monsoon,35691,High,Luxury,March
Ooty,High,Solo,Cold,6,Winter,81539,Medium,Luxury,December
Andaman,High,Family,Moderate,6,Winter,79326,Medium,Standard,January
Shimla,Medium,Family,Cold,5,Winter,45456,High,Budget,March
Jaipur,Medium,Family,Cold,7,Summer,54711,High,Standard,February
Ladakh,High,Friends,Warm,6,Monsoon,76495,Medium,Budget,June
Mysore,Low,Solo,Warm,5,Winter,22323,Low,Standard,November
Ladakh,High,Couple,Cold,8,Summer,73524,Low,Standard,July
Goa,Medium,Family,Moderate,9,Summer,52425,High,Luxury,November
Jaipur,Low,Family,Cold,6,Winter,32840,Low,Standard,October
Jaipur,Low,Friends,Cold,2,Winter,16080,Low,Standard,October
Kerala,Medium,Friends,Moderate,4,Winter,34838,High,Standard,September
Ooty,High,Family,Warm,8,Winter,88675,Medium,Standard,October
Shimla,Medium,Friends,Cold,7,Summer,45464,Low,Luxury,May
Shimla,High,Family,Warm,3,Monsoon,68766,High,Luxury,May
Kashmir,High,Friends,Moderate,10,Monsoon,94614,Low,Standard,June
Mysore,High,Couple,Moderate,6,Winter,72791,Medium,Luxury,October
Jaipur,Medium,Family,Moderate,5,Monsoon,40279,Medium,Standard,November
Andaman,Low,Solo,Moderate,9,Winter,26123,Medium,Budget,January
Shimla,Medium,Couple,Moderate,8,Monsoon,50220,Medium,Standard,April
Goa,Low,Family,Moderate,3,Monsoon,23965,Low,Standard,January
Manali,High,Family,Cold,3,Summer,74948,Medium,Budget,January
Jaipur,Medium,Friends,Moderate,6,Summer,43033,High,Luxury,November
Goa,High,Friends,Moderate,8,Monsoon,76850,High,Luxury,January
Andaman,High,Family,Moderate,5,Summer,77181,High,Luxury,November
Andaman,Medium,Couple,Warm,9,Monsoon,49233,Low,Standard,January
Kashmir,Low,Couple,Warm,2,Monsoon,15953,Low,Luxury,June
Goa,Medium,Friends,Moderate,5,Monsoon,46664,Medium,Luxury,December
Ladakh,Medium,Solo,Cold,4,Monsoon,42327,High,Luxury,June
Kashmir,Low,Couple,Cold,9,Summer,39936,Medium,Luxury,April
Ooty,Low,Family,Cold,9,Summer,26517,Low,Budget,November
Jaipur,Low,Solo,Moderate,2,Monsoon,16482,High,Budget,November
Kashmir,Low,Solo,Cold,10,Monsoon,27996,Medium,Luxury,April
Ooty,High,Friends,Moderate,9,Summer,90051,High,Luxury,October
Andaman,High,Couple,Moderate,5,Summer,73580,Low,Standard,January
Jaipur,Medium,Couple,Moderate,9,Winter,44515,Low,Luxury,February
Mysore,Medium,Friends,Moderate,4,Monsoon,43626,Low,Budget,November
Ooty,Medium,Solo,Moderate,2,Summer,37195,Low,Standard,December
Manali,Medium,Family,Moderate,8,Winter,40965,Low,Standard,February
Ladakh,Medium,Family,Moderate,5,Winter,35144,Low,Standard,August
Mysore,Medium,Couple,Cold,8,Summer,42470,Low,Standard,November
Mysore,Medium,Solo,Cold,10,Winter,59068,Low,Luxury,November
Kerala,High,Family,Cold,3,Summer,76368,Medium,Budget,September
Manali,Medium,Solo,Warm,6,Summer,41342,Medium,Standard,February
Goa,High,Family,Moderate,2,Winter,69441,High,Luxury,January
Kerala,Medium,Solo,Cold,8,Summer,47054,Low,Standard,September
Goa,Medium,Solo,Moderate,5,Winter,39306,High,Budget,January
Ooty,High,Solo,Moderate,10,Summer,84456,Medium,Standard,December
Kashmir,High,Solo,Cold,5,Summer,72677,Medium,Standard,May
Ladakh,Low,Family,Moderate,5,Summer,23914,High,Standard,June
Jaipur,Medium,Couple,Cold,10,Winter,48794,Low,Standard,November
Kashmir,Medium,Family,Moderate,4,Winter,41249,High,Standard,May
Goa,Medium,Couple,Moderate,10,Winter,65432,High,Budget,January
Goa,Low,Solo,Moderate,5,Winter,18115,Medium,Budget,November
Ladakh,Medium,Family,Cold,8,Summer,50299,High,Budget,July
Ladakh,Low,Friends,Warm,2,Winter,14956,Medium,Luxury,June
Ladakh,Medium,Family,Warm,2,Winter,37203,Low,Luxury,July
Andaman,Medium,Couple,Warm,2,Summer,32402,Medium,Budget,January
Ooty,High,Family,Cold,4,Winter,75824,High,Budget,October
Kashmir,High,Friends,Cold,5,Summer,76578,Medium,Budget,May
Shimla,Medium,Family,Moderate,9,Summer,54097,Medium,Standard,April
Mysore,Medium,Couple,Cold,9,Summer,44319,Medium,Standard,December
Andaman,Low,Family,Moderate,8,Monsoon,31953,Medium,Standard,January
Shimla,Medium,Friends,Cold,9,Summer,39058,Low,Budget,May
Ladakh,Medium,Couple,Moderate,7,Monsoon,41785,Medium,Standard,June
Manali,Medium,Family,Cold,8,Monsoon,58298,High,Standard,February
Ladakh,Medium,Couple,Moderate,5,Summer,41631,Medium,Budget,August
Ooty,Low,Couple,Warm,4,Monsoon,17545,Low,Luxury,October
Manali,Medium,Couple,Moderate,3,Winter,37133,Low,Standard,January
Kerala,Medium,Couple,Warm,6,Winter,38279,Medium,Luxury,November
Shimla,High,Friends,Cold,6,Winter,82503,Low,Luxury,March
Ooty,High,Solo,Cold,3,Winter,74083,Medium,Luxury,December
Kashmir,Low,Friends,Cold,4,Summer,23935,Medium,Budget,May
Shimla,High,Family,Cold,2,Winter,70872,Low,Budget,April
Shimla,Low,Family,Cold,6,Summer,24524,Medium,Budget,April
Goa,Medium,Couple,Moderate,3,Summer,36458,Low,Standard,November
Manali,Low,Solo,Moderate,10,Monsoon,40751,Medium,Standard,January
Ladakh,Medium,Friends,Moderate,5,Monsoon,42218,High,Standard,July
Ladakh,High,Solo,Moderate,8,Winter,80970,Low,Budget,July
Jaipur,Medium,Couple,Warm,8,Winter,48288,Low,Budget,February
Ladakh,High,Friends,Warm,9,Summer,89217,High,Standard,July
Kashmir,High,Couple,Warm,3,Winter,70169,Medium,Standard,June
Shimla,High,Solo,Cold,9,Summer,97847,Medium,Luxury,March
Mysore,High,Couple,Warm,10,Summer,82712,Low,Budget,October
Kashmir,High,Solo,Cold,7,Monsoon,82686,Medium,Budget,June
Manali,Medium,Couple,Cold,7,Summer,41059,High,Luxury,January
Kashmir,Medium,Couple,Cold,5,Monsoon,36707,Low,Standard,April
Ladakh,High,Family,Warm,3,Winter,73563,Medium,Budget,August
Goa,Medium,Family,Moderate,8,Monsoon,45993,Medium,Luxury,January
Shimla,Medium,Solo,Moderate,2,Winter,34015,Medium,Standard,March
Mysore,Medium,Family,Warm,6,Summer,40946,High,Luxury,November
Kerala,Medium,Solo,Moderate,9,Winter,52622,Low,Standard,September
Ladakh,Low,Family,Warm,5,Winter,23658,High,Budget,August
Kashmir,Low,Family,Cold,10,Monsoon,44243,Medium,Standard,May
Kashmir,Low,Friends,Moderate,5,Winter,19062,High,Standard,May
Shimla,High,Solo,Warm,6,Monsoon,77197,High,Budget,May
Mysore,Low,Family,Cold,5,Winter,19152,Low,Luxury,December
Shimla,Low,Family,Moderate,8,Winter,25656,Low,Budget,April
Ooty,High,Solo,Warm,7,Winter,84985,Medium,Budget,October
Manali,Low,Couple,Moderate,4,Winter,20066,High,Standard,February
Kashmir,Low,Couple,Moderate,2,Summer,17405,Low,Budget,June
Andaman,Low,Couple,Moderate,3,Winter,23101,Low,Standard,December
Shimla,Low,Friends,Cold,10,Summer,26025,Medium,Luxury,May
Andaman,High,Couple,Cold,10,Winter,81779,High,Luxury,January
Manali,Low,Family,Cold,10,Monsoon,24655,Medium,Budget,February
Jaipur,Medium,Solo,Warm,6,Summer,50083,Low,Budget,November
Andaman,Low,Solo,Cold,6,Summer,33966,High,Standard,November
Shimla,Medium,Friends,Warm,7,Winter,43224,High,Luxury,May
Goa,Low,Family,Cold,6,Summer,32535,Low,Luxury,January
Ladakh,Low,Couple,Cold,10,Monsoon,31957,Medium,Standard,July
Manali,High,Couple,Warm,4,Winter,73790,Low,Budget,February
Ladakh,Medium,Family,Moderate,4,Monsoon,38168,Medium,Standard,June
Manali,Low,Solo,Warm,10,Monsoon,28612,Low,Standard,January
Kerala,Low,Family,Moderate,2,Summer,16360,Medium,Budget,September
Ooty,Medium,Friends,Warm,9,Summer,53713,High,Standard,November
Shimla,Low,Solo,Cold,7,Monsoon,38158,Low,Standard,May
Kashmir,Medium,Family,Moderate,2,Winter,32707,High,Luxury,April
Kashmir,Medium,Friends,Cold,7,Winter,52141,Low,Luxury,April
Mysore,High,Couple,Warm,6,Monsoon,78322,Medium,Luxury,December
Manali,High,Couple,Moderate,3,Winter,70316,Low,Budget,December
Shimla,Low,Friends,Warm,9,Summer,40664,Medium,Luxury,April
Mysore,Medium,Solo,Moderate,2,Winter,33939,Low,Luxury,December
Andaman,High,Family,Warm,10,Winter,94750,High,Budget,January
Andaman,High,Family,Cold,7,Summer,76318,High,Standard,December
Kashmir,Low,Solo,Moderate,5,Winter,26082,Low,Standard,May
Kerala,Low,Couple,Cold,6,Winter,32575,High,Budget,September
Ladakh,Low,Couple,Moderate,6,Monsoon,27317,Low,Budget,July
Ladakh,Low,Couple,Moderate,5,Summer,22509,High,Luxury,June
Mysore,Low,Friends,Cold,9,Monsoon,37736,Medium,Standard,October
Andaman,High,Solo,Moderate,9,Summer,89840,Low,Standard,December
Jaipur,Low,Friends,Cold,4,Monsoon,20482,Medium,Luxury,October
Jaipur,High,Friends,Cold,8,Monsoon,79429,High,Standard,November
Andaman,High,Couple,Cold,3,Summer,71330,Low,Budget,January
Goa,High,Family,Cold,7,Monsoon,75182,High,Luxury,December
Kerala,Low,Solo,Moderate,5,Winter,28000,Low,Luxury,September
Kerala,High,Friends,Warm,5,Winter,79549,Medium,Budget,November
Andaman,Medium,Family,Warm,4,Summer,39686,Low,Budget,December
Jaipur,High,Couple,Cold,5,Summer,81640,Low,Standard,November
Jaipur,Low,Couple,Moderate,2,Winter,15314,Medium,Luxury,October
Kerala,Medium,Friends,Warm,8,Summer,43886,Medium,Budget,September
Goa,Medium,Friends,Cold,6,Monsoon,41201,Medium,Luxury,November
Kerala,High,Friends,Moderate,6,Summer,75050,Low,Luxury,September
Ladakh,Medium,Friends,Warm,10,Winter,53020,Medium,Budget,August
Kashmir,Low,Solo,Cold,3,Summer,17520,High,Luxury,June
Mysore,High,Solo,Warm,7,Monsoon,81559,High,Standard,December
Ooty,Low,Family,Moderate,10,Winter,39218,Medium,Luxury,November
Manali,High,Solo,Moderate,8,Winter,82972,High,Budget,January
Ooty,Low,Solo,Warm,5,Winter,31106,Medium,Standard,October
Ooty,Medium,Couple,Warm,8,Monsoon,45883,High,Standard,October
Ooty,Medium,Solo,Warm,9,Winter,60270,High,Luxury,November
Jaipur,Low,Friends,Warm,3,Summer,22106,Low,Budget,November
Goa,Medium,Friends,Cold,6,Summer,44739,High,Budget,November
Goa,Medium,Friends,Moderate,3,Winter,36586,High,Standard,January
Kerala,Medium,Solo,Warm,2,Monsoon,34137,Low,Luxury,October
Goa,Medium,Solo,Warm,8,Winter,57336,Medium,Luxury,December
Jaipur,Medium,Family,Warm,8,Summer,54835,Medium,Budget,October
Mysore,Low,Family,Moderate,4,Summer,24313,Low,Luxury,December
Kerala,Low,Family,Cold,8,Winter,23047,High,Budget,September
Kashmir,Low,Couple,Cold,10,Summer,29175,High,Budget,May
Goa,Low,Solo,Warm,2,Summer,15760,Low,Budget,January
